NAME,EXP,POS_HEI_WEI,GRADE,AGE,SKILL,HISCH,HOTOWN,STARCOLL,STARCOLLSTAT,COLLDIST,NUMOFF,INSTA,TWIT,TIK,NILVAL
Korey Foreman,2021 - present,EDGE / 6-4 / 265,Junior,20,99.41+,Centennial,"Corona, CA",USC,Enrolled,41 mi.,25,38K,8.1K,386,$96K
JC Latham,2021 - present,OT / 6-6 / 325,Junior,20,99.37+,IMG Academy,"Bradenton, FL",Alabama,Enrolled,502 mi.,25,14.1K,4.4K,595,nan
Quinn Ewers,2022 - present,QB / 6-3 / 205,Redshirt Sophomore,20,99.24+,Southlake Carroll,"Southlake, TX",Ohio State,Enrolled,926 mi.,25,168K,55K,nan,$743K
Jack Sawyer,2021 - present,EDGE / 6-5 / 248,Junior,21,99.10+,Pickerington North,"Pickerington, OH",Ohio State,Enrolled,20 mi.,13,29K,18K,nan,$121K
J.T. Tuimoloau,2021 - present,EDGE / 6-5 / 277,Junior,20,99.06+,Eastside Catholic,"Sammamish, WA",Ohio State,Enrolled,1989 mi.,24,39K,15.9K,526,$343K
Tommy Brockermeyer,2023 - present,OT / 6-5 / 292,Redshirt Sophomore,21,98.89+,All Saints Episcopal,"Fort Worth, TX",Alabama,Enrolled,564 mi.,25,6.2K,5.7K,nan,nan
Caleb Williams,2022 - present,QB / 6-1 / 210,Junior,21,98.76,Gonzaga ,"Washington, DC",Oklahoma,Enrolled,1142 mi.,24,223K,75K,22K,$2.6M
Leonard Taylor,2021 - present,DL / 6-4 / 296,Redshirt Sophomore,21,98.68,Miami Palmetto,"Miami, FL",Miami,Enrolled,5 mi.,21,14.7K,12.7K,912,$255K
Dallas Turner,2021 - present,EDGE / 6-4 / 245,Junior,20,98.61+,St. Thomas Aquinas,"Fort Lauderdale, FL",Alabama,Enrolled,661 mi.,25,29K,9K,1.8K,$673K
Amarius Mims,2021 - present,OT / 6-7 / 330,Junior,20,98.41,Bleckley County,"Cochran, GA",Georgia,Enrolled,108 mi.,20,28K,11.3K,3K,$90K
Maason Smith,2021 - present,DL / 6-5 / 316,Redshirt Sophomore,20,98.04,Terrebonne,"Houma, LA",LSU,Enrolled,61 mi.,25,18.4K,5.5K,2.3K,$82K
Ja'Tavion Sanders,2021 - present,TE / 6-4 / 235,Junior,20,97.98,Ryan,"Denton, TX",Texas,Enrolled,207 mi.,23,21K,8K,1.4K,$660K
Shemar Turner,2021 - present,EDGE / 6-4 / 282,Junior,20,97.94,DeSoto,"DeSoto, TX",Texas A&M,Enrolled,141 mi.,25,10.2K,5K,1.9K,$343K
Donovan Jackson,2021 - present,IOL / 6-4 / 308,Junior,20,97.92,Episcopal,"Bellaire, TX",Ohio State,Enrolled,1005 mi.,25,13K,6.6K,nan,$91K
Emeka Egbuka,2021 - present,WR / 6-1 / 190,Junior,20,97.86,Steilacoom,"Steilacoom, WA",Ohio State,Enrolled,2020 mi.,1,84K,15.6K,nan,$562K
Sam Huard,nan,QB / 6-2 / 190,nan,nan,97.84,Kennedy Catholic,"Bellevue, WA",Washington,Enrolled,6 mi.,10,9K,5.6K,nan,nan
Kool-Aid McKinstry,2021 - present,CB / 6-1 / 180,Junior,20,97.83,Pinson Valley,"Pinson, AL",Alabama,Enrolled,68 mi.,25,117K,21K,31K,$682K
Nolan Rucci,2021 - present,IOL / 6-8 / 295,Redshirt Sophomore,21,97.73,Warwick,"Lititz, PA",Wisconsin,Enrolled,703 mi.,25,5.3K,4.3K,nan,nan
TreVeyon Henderson,2021 - present,RB / 5-11 / 195,Junior,20,97.50,Hopewell,"Hopewell, VA",Ohio State,Enrolled,368 mi.,25,79K,52K,-,$433K
Kingsley Suamataia,2022 - present,OT / 6-5 / 280,Redshirt Sophomore,20,97.40,Orem,"Orem, UT",Oregon,Enrolled,637 mi.,25,17.7K,6.9K,8K,$181K
James Williams,2021 - present,S / 6-5 / 215,Junior,20,97.28,American Heritage,"Opa Locka, FL",Miami,Enrolled,11 mi.,25,27K,15.6K,nan,$307K
Brock Vandagriff,2021 - present,QB / 6-3 / 205,Redshirt Sophomore,21,97.23,Prince Avenue Christian School,"Bogart, GA",Georgia,Enrolled,12 mi.,21,44K,14.6K,nan,$142K
Keeshawn Silver,2023 - present,DL / 6-4 / 322,Redshirt Sophomore,20,97.22,Rocky Mount,"Rocky Mount, NC",North Carolina,Enrolled,73 mi.,25,13.8K,6.2K,2.5K,nan
Tristan Leigh,2021 - present,IOL / 6-6 / 315,Redshirt Sophomore,20,97.12,Robinson Secondary,"Fairfax, VA",Clemson,Enrolled,417 mi.,25,12.4K,8.3K,643,nan
Kyle McCord,2021 - present,QB / 6-3 / 215,Junior,21,97.08,St. Joseph's,"Philadelphia, PA",Ohio State,Enrolled,415 mi.,22,44K,24K,nan,$299K
Clayton Smith,2023 - present,EDGE / 6-4 / 220,Redshirt Sophomore,20,97.06,Texas High,"Texarkana, TX",Oklahoma,Enrolled,220 mi.,25,10.1K,7.2K,89,nan
Smael Mondon,2021 - present,LB / 6-3 / 220,Junior,20,97.01,Paulding County,"Dallas, GA",Georgia,Enrolled,86 mi.,25,15K,7.9K,nan,$197K
Barrett Carter,2021 - present,LB / 6-1 / 220,Junior,20,96.97,North Gwinnett,"Suwanee, GA",Clemson,Enrolled,84 mi.,25,18.9K,6.2K,118,$210K
Ja'Corey Brooks,2021 - present,WR / 6-3 / 190,Junior,21,96.88,IMG Academy,"Bradenton, FL",Alabama,Enrolled,502 mi.,25,48K,9.6K,20K,$153K
Jason Marshall,2021 - present,CB / 6-2 / 180,Junior,21,96.88,Miami Palmetto,"Miami, FL",Florida,Enrolled,292 mi.,25,12.7K,9.9K,nan,$100K
Ty Thompson,2021 - present,QB / 6-4 / 215,Redshirt Sophomore,20,96.79,Mesquite,"Gilbert, AZ",Oregon,Enrolled,956 mi.,25,22K,11.8K,2K,$82K
Jeremiah Trotter Jr.,2021 - present,LB / 6-0 / 230,Junior,20,96.77,St. Joseph's,"Philadelphia, PA",Clemson,Enrolled,555 mi.,9,10.3K,2.4K,nan,$453K
Mario Williams,2022 - present,WR / 5-9 / 186,Junior,20,96.72,Plant City,"Plant City, FL",Oklahoma,Enrolled,1018 mi.,25,62K,13.5K,11.2K,$118K
Donovan Edwards,2021 - present,RB / 6-0 / 202,Junior,20,96.61,West Bloomfield,"West Bloomfield, MI",Michigan,Enrolled,31 mi.,1,42K,19.1K,nan,$106K
Terrion Arnold,2021 - present,CB / 6-0 / 180,Redshirt Sophomore,20,96.57,John Paul II Catholic,"Tallahassee, FL",Alabama,Enrolled,273 mi.,25,66K,8.8K,201K,$290K
Will Shipley,2021 - present,RB / 5-11 / 210,Junior,21,96.56,Weddington,"Matthews, NC",Clemson,Enrolled,124 mi.,25,58K,19K,15.9K,$232K
Agiye Hall,nan,WR / 6-3 / 195,nan,nan,96.38,Bloomingdale,"Valrico, FL",Alabama,Enrolled,483 mi.,25,39K,13.6K,10.5K,$82K
Sage Ryan,2021 - present,S / 5-11 / 193,Redshirt Sophomore,20,96.37,Lafayette Christian Academy,"Lafayette, LA",LSU,Enrolled,51 mi.,18,9.1K,4.6K,-,$86K
Keanu Koht,2021 - present,LB / 6-4 / 215,Redshirt Sophomore,20,96.34,Vero Beach,"Vero Beach, FL",Alabama,Enrolled,574 mi.,25,5.3K,2.9K,nan,nan
Camar Wheaton,2022 - present,RB / 5-11 / 190,Redshirt Sophomore,20,96.29,Lakeview Centennial,"Garland, TX",Alabama,Enrolled,521 mi.,25,7.2K,5.2K,49,nan
Tunmise Adeleye,2023 - present,EDGE / 6-3 / 245,Redshirt Sophomore,20,96.25,Tompkins,"Katy, TX",Texas A&M,Enrolled,64 mi.,25,8K,9.5K,nan,nan
Jaxson Dart,2022 - present,QB / 6-3 / 210,Junior,20,96.23,Corner Canyon,"Draper, UT",USC,Enrolled,572 mi.,1,62K,17.7K,4K,$486K
Troy Franklin,2021 - present,WR / 6-2 / 170,Junior,20,96.23,Menlo-Atherton,"Menlo Park, CA",Oregon,Enrolled,459 mi.,24,39K,5.7K,nan,$217K
JoJo Earle,2023 - present,WR / 5-10 / 170,Junior,20,96.20,Aledo,"Aledo, TX",Alabama,Enrolled,581 mi.,1,14K,5.4K,37,nan
Drake Maye,2021 - present,QB / 6-5 / 210,Redshirt Sophomore,21,96.11,Myers Park,"Charlotte, NC",North Carolina,Enrolled,113 mi.,17,57K,17.7K,nan,$1.5M
Xavian Sorey,2021 - present,LB / 6-3 / 214,Redshirt Sophomore,21,96.09,IMG Academy,"Bradenton, FL",Georgia,Enrolled,459 mi.,22,10.1K,3.5K,nan,$88K
J.J. McCarthy,2021 - present,QB / 6-3 / 197,Junior,20,96.08,IMG Academy,"La Grange Park, IL",Michigan,Enrolled,209 mi.,25,212K,60K,902,$1.2M
Deontae Lawson,2021 - present,LB / 6-2 / 217,Redshirt Sophomore,20,96.08,Mobile Christian School,"Mobile, AL",Alabama,Enrolled,169 mi.,25,10.5K,7.1K,3.9K,$350K
Damon Payne,2021 - present,DL / 6-4 / 297,Redshirt Sophomore,20,96.06,Belleville,"Belleville, MI",Alabama,Enrolled,663 mi.,25,4.5K,3.4K,109,$106K
Nyland Green,2021 - present,CB / 6-1 / 185,Redshirt Sophomore,20,96.06,Newton,"Covington, GA",Georgia,Enrolled,42 mi.,25,12.5K,1.3K,nan,$89K
Bryce Foster,2021 - present,IOL / 6-5 / 330,Redshirt Sophomore,20,95.96,Taylor,"Katy, TX",Texas A&M,Enrolled,64 mi.,24,12K,12.2K,270,$80K
Terrence Lewis,nan,LB / 6-1 / 200,nan,nan,95.93,Miami Central,"Opa Locka, FL",Maryland,Enrolled,925 mi.,25,14.1K,nan,nan,nan
Jake Garcia,2023 - present,QB / 6-3 / 195,Redshirt Sophomore,21,95.87,Grayson,"Loganville, GA",Miami,Enrolled,597 mi.,24,53K,14.7K,5.5K,$108K
Jakailin Johnson,2023 - present,CB / 6-1 / 175,Redshirt Sophomore,20,95.83,DeSmet,"Saint Louis, MO",Ohio State,Enrolled,397 mi.,25,5.7K,15,92,$82K
Blake Fisher,2021 - present,OT / 6-6 / 336,Redshirt Sophomore,20,95.77,Avon,"Avon, IN",Notre Dame,Enrolled,132 mi.,25,10.8K,11.2K,nan,nan
Xavier Worthy,2021 - present,WR / 6-1 / 160,Junior,20,95.76,Central East,"Fresno, CA",Texas,Enrolled,1345 mi.,22,110K,23K,nan,$1M
LJ Johnson,2023 - present,RB / 5-10 / 205,Redshirt Sophomore,20,95.60,Cy-Fair,"Cypress, TX",Texas A&M,Enrolled,59 mi.,25,7.4K,3.3K,-,nan
Jordan Hancock,2021 - present,CB / 6-1 / 170,Junior,20,95.58,North Gwinnett,"Suwanee, GA",Ohio State,Enrolled,422 mi.,25,12.1K,9.7K,nan,$103K
Christian Leary,2023 - present,WR / 5-10 / 173,Junior,20,95.57,Edgewater,"Orlando, FL",Alabama,Enrolled,488 mi.,25,16.4K,4.8K,12.1K,nan
Billy Bowman,2021 - present,S / 5-10 / 188,Junior,20,95.57,Ryan,"Denton, TX",Oklahoma,Enrolled,139 mi.,25,23K,14.4K,4.8K,$93K
Mike Hall,2021 - present,DL / 6-3 / 290,Junior,20,95.56,Streetsboro,"Streetsboro, OH",Ohio State,Enrolled,117 mi.,17,21K,7.1K,529,$454K
Chop Robinson,2022 - present,EDGE / 6-3 / 254,Junior,20,95.55,Quince Orchard,"Gaithersburg, MD",Maryland,Enrolled,16 mi.,25,16.3K,4.5K,nan,$287K
Micah Morris,2021 - present,IOL / 6-6 / 330,Redshirt Sophomore,20,95.43,Camden County,"Kingsland, GA",Georgia,Enrolled,241 mi.,21,24K,4.4K,nan,$86K
Terrence Ferguson,2021 - present,IOL / 6-4 / 290,Redshirt Sophomore,20,95.38,Peach County,"Fort Valley, GA",nan,nan,nan,nan,5.4K,2.8K,302,nan
Rocco Spindler,2021 - present,IOL / 6-5 / 315,Redshirt Sophomore,21,95.28,Clarkston,"Clarkston, MI",Notre Dame,Enrolled,162 mi.,18,7.3K,6.2K,136,nan
Brock Bowers,2021 - present,TE / 6-4 / 240,Junior,20,95.28,Napa,"Napa, CA",Georgia,Enrolled,2168 mi.,22,93K,17.2K,71,$730K
Thomas Fidone,2021 - present,TE / 6-5 / 225,Redshirt Sophomore,21,95.27,Lewis Central,"Council Bluffs, IA",Nebraska,Enrolled,53 mi.,25,10.3K,15.9K,4.4K,$75K
Reuben Fatheree,2021 - present,OT / 6-8 / 305,Junior,20,95.23,Foster,"Richmond, TX",Texas A&M,Enrolled,86 mi.,25,2.3K,3.9K,nan,$73K
Monkell Goodwine,2021 - present,DL / 6-4 / 275,Redshirt Sophomore,20,95.23,Rock Creek Christian Academy,"Upper Marlboro, MD",Alabama,Enrolled,719 mi.,25,7.5K,2.5K,177,nan
Lorenzo Styles Jr.,2023 - present,CB / 6-1 / 185,Junior,21,95.18,Pickerington Central,"Pickerington, OH",Notre Dame,Enrolled,221 mi.,20,9K,6.7K,98,nan
Dont'e Thornton,2023 - present,WR / 6-5 / 185,Junior,20,95.14,Mount Saint Joseph,"Baltimore, MD",Oregon,Enrolled,2388 mi.,25,38K,8.7K,53K,$170K
Landon Tengwall,2021 - present,OT / 6-6 / 317,Redshirt Sophomore,21,95.10,Good Counsel,"Olney, MD",Penn State,Enrolled,122 mi.,25,7K,4.7K,189,$64K
Marvin Harrison Jr.,2021 - present,WR / 6-3 / 190,Junior,21,95.08,St. Joseph's Prep School,"Philadelphia, PA",Ohio State,Enrolled,415 mi.,19,266K,65K,138K,$1.4M
Deion Smith,nan,WR / 6-2 / 172,nan,nan,95.00,nan,nan,LSU,Enrolled,141 mi.,12,15.2K,1.6K,nan,nan
Ceyair Wright,2021 - present,CB / 6-1 / 175,Redshirt Sophomore,20,94.95,Loyola,"Los Angeles, CA",USC,Enrolled,0 mi.,25,39K,2.8K,26K,$98K
Kendal Daniels,2021 - present,S / 6-4 / 190,Redshirt Sophomore,20,94.90,Beggs,"Beggs, OK",Oklahoma State,Enrolled,60 mi.,1,5K,4.5K,581,nan
Raesjon Davis,2021 - present,LB / 6-1 / 215,Junior,21,94.86,Mater Dei,"Santa Ana, CA",USC,Enrolled,27 mi.,1,10K,5.3K,385,$71K
Dylan Brooks,2023 - present,EDGE / 6-5 / 250,Redshirt Sophomore,20,94.81,Handley,"Roanoke, AL",Auburn,Enrolled,45 mi.,25,7.3K,7.7K,137,nan
Miller Moss,2021 - present,QB / 6-2 / 197,Redshirt Sophomore,21,94.81,Bishop Alemany,"Mission Hills, CA",USC,Enrolled,24 mi.,25,11.1K,3.8K,200,$78K
Chris Hilton,2021 - present,WR / 6-0 / 169,Redshirt Sophomore,20,94.76,Zachary,"Zachary, LA",LSU,Enrolled,14 mi.,21,8K,2.9K,7.5K,$85K
Savion Byrd,2021 - present,IOL / 6-5 / 295,Redshirt Sophomore,-,94.76,Duncanville,"Duncanville, TX",Oklahoma,Enrolled,179 mi.,21,1,6K,nan,$64K
Jahvaree Ritzie,2021 - present,DL / 6-4.5 / 285,Junior,20,94.71,Glenn,"Kernersville, NC",North Carolina,Enrolled,59 mi.,25,10.1K,5.6K,1.3K,nan
Derrick Davis Jr.,2023 - present,RB / 6-1 / 194,Redshirt Sophomore,20,94.70,Gateway,"Monroeville, PA",LSU,Enrolled,941 mi.,1,6.2K,3.4K,28,nan
Scooby Williams,2021 - present,LB / 6-3 / 224,Redshirt Sophomore,20,94.69,Ramsay,"Birmingham, AL",Florida,Enrolled,376 mi.,25,20K,6.7K,4.1K,$106K
Jayden Ballard,2021 - present,WR / 6-2 / 175,Junior,21,94.68,Washington,"Massillon, OH",Ohio State,Enrolled,94 mi.,9,21K,8K,32K,$112K
Tywone Malone,2023 - present,DL / 6-4 / 305,Redshirt Sophomore,20,94.65,Bergen Catholic,"Oradell, NJ",Ole Miss,Enrolled,959 mi.,25,15.5K,6.4K,155,nan
Bram Walden,2023 - present,OT / 6-4 / 270,Redshirt Sophomore,20,94.65,Saguaro,"Scottsdale, AZ",Oregon,Enrolled,943 mi.,25,4.4K,2.7K,97,nan
Reid Carrico,2021 - present,LB / 6-3 / 225,Junior,21,94.64,Ironton,"Ironton, OH",Ohio State,Enrolled,108 mi.,25,7.8K,7.2K,21,$99K
Garrett Nussmeier,2021 - present,QB / 6-2 / 182,Redshirt Sophomore,21,94.54,Marcus,"Flower Mound, TX",LSU,Enrolled,392 mi.,25,39K,11.5K,251K,$173K
Jalen Milroe,2021 - present,QB / 6-2 / 201,Redshirt Sophomore,20,94.50,Tompkins,"Katy, TX",Alabama,Enrolled,530 mi.,24,97K,12.4K,nan,$232K
Junior Colson,2021 - present,LB / 6-2 / 228,Junior,-,94.49,Ravenwood,"Brentwood, TN",Michigan,Enrolled,460 mi.,25,30K,6.8K,193,$198K
Evan Pryor,2021 - present,RB / 5-10 / 190,Junior,20,94.48,William Amos Hough,"Cornelius, NC",Ohio State,Enrolled,340 mi.,25,15.2K,7.6K,922,$105K
Brian Thomas Jr.,2021 - present,WR / 6-4 / 190,Junior,-,94.46,Walker,"Walker, LA",LSU,Enrolled,23 mi.,16,10.6K,2.4K,nan,$87K
Tyler Buchner,2023 - present,QB / 6-2 / 205,Redshirt Sophomore,20,94.46,Helix,"La Jolla, CA",Notre Dame,Enrolled,1798 mi.,16,29K,14.8K,nan,$65K
Giovanni El-Hadi,2021 - present,IOL / 6-5 / 318,Junior,20,94.43,Adlai Stevenson,"Sterling Heights, MI",Michigan,Enrolled,45 mi.,1,4.4K,3K,127,nan
Ra Ra Dillworth,2023 - present,LB / 6-1.5 / 205,Junior,20,94.40,Glenn,"Kernersville, NC",North Carolina,Enrolled,59 mi.,1,8K,5.2K,23K,nan
Jake Briningstool,2021 - present,TE / 6-6 / 230,Junior,20,94.35,Ravenwood,"Brentwood, TN",Clemson,Enrolled,241 mi.,25,10.5K,4K,109,nan
Lee Hunter,2022 - present,DL / 6-5 / 292,Redshirt Sophomore,21,94.34,Blount,"Eight Mile, AL",Auburn,Enrolled,197 mi.,23,12.1K,3.3K,nan,$178K
Beaux Collins,2021 - present,WR / 6-3 / 210,Junior,20,94.33,St. John Bosco,"Bellflower, CA",Clemson,Enrolled,2006 mi.,25,16.8K,8.5K,214,nan
Prince Kollie,2023 - present,LB / 6-1 / 210,Junior,20,94.31,David Crockett,"Jonesborough, TN",Notre Dame,Enrolled,423 mi.,25,12.2K,3.3K,nan,nan
Ethan Calvert,nan,LB / 6-3 / 230,nan,nan,94.29,Oaks Christian,"Westlake Village, CA",Utah,Enrolled,596 mi.,21,2.7K,1.4K,nan,nan
Kelvin Gilliam,2021 - present,EDGE / 6-2 / 250,Redshirt Sophomore,20,94.27,Highland Springs,"Highland Springs, VA",Oklahoma,Enrolled,1119 mi.,25,8.9K,8.8K,nan,$80K
Deion Colzie,2021 - present,WR / 6-4 / 193,Junior,20,94.26,Athens Academy,"Athens, GA",Notre Dame,Enrolled,553 mi.,25,5.5K,4.1K,9,nan
Trevin Wallace,2021 - present,LB / 6-2 / 241,Junior,20,94.25,Wayne County,"Jesup, GA",Kentucky,Enrolled,464 mi.,13,2.2K,1.3K,nan,$398K
Payton Page,2021 - present,DL / 6-4 / 315,Junior,20,94.25,Dudley,"Greensboro, NC",Clemson,Enrolled,196 mi.,25,8.5K,5.4K,425,nan
Armoni Goodwin,2021 - present,RB / 5-8 / 190,Junior,21,94.14,Hewitt-Trussville,"Trussville, AL",LSU,Enrolled,349 mi.,17,10.3K,3.6K,15,$87K
David Davidkov,nan,OT / 6-6 / 295,nan,20,94.09,New Trier,"Winnetka, IL",Iowa,Enrolled,193 mi.,1,2.1K,1.6K,nan,nan
Cade Denhoff,2021 - present,EDGE / 6-5 / 255,Redshirt Sophomore,21,94.09,Lakeland Christian School,"Lakeland, FL",Clemson,Enrolled,462 mi.,1,2.7K,1.6K,2,nan
Tyrion Ingram-Dawkins,2021 - present,DL / 6-5 / 298,Redshirt Sophomore,20,93.96,Gaffney,"Gaffney, SC",Georgia,Enrolled,120 mi.,25,10.9K,6.5K,nan,$79K
Corey Collier,2023 - present,S / 6-1 / 180,Redshirt Sophomore,20,93.94,Miami Palmetto,"Miami, FL",Florida,Enrolled,292 mi.,25,13.2K,7.1K,44K,$79K
Dylan Fairchild,2021 - present,IOL / 6-5 / 298,Redshirt Sophomore,20,93.92,West Forsyth,"Cumming, GA",Georgia,Enrolled,50 mi.,20,3.7K,2.4K,17,$74K
Destyn Hill,2023 - present,WR / 6-0 / 200,Freshman,20,93.85,Edna Karr,"New Orleans, LA",Florida State,Signed,349 mi.,21,9.5K,6.4K,nan,$114K
Jager Burton,2021 - present,IOL / 6-4 / 307,Redshirt Sophomore,21,93.75,Frederick Douglass,"Lexington, KY",Kentucky,Enrolled,0 mi.,23,5.9K,4.9K,413,nan
Saivion Jones,2021 - present,EDGE / 6-5 / 240,Junior,20,93.71,St. James,"Saint James, LA",LSU,Enrolled,33 mi.,20,2.5K,2.8K,983,$80K
Garrett Dellinger,2021 - present,IOL / 6-5 / 280,Junior,21,93.69,Clarkston,"Clarkston, MI",LSU,Enrolled,950 mi.,1,1.7K,2.6K,46,$72K
Branden Jennings,nan,LB / 6-3.5 / 225,nan,nan,93.66,Sandalwood,"Jacksonville, FL",Maryland,Enrolled,656 mi.,25,4.6K,3.5K,5.9K,nan
Kadarius Calloway,2023 - present,RB / 6-0 / 210,Junior,21,93.66,Philadelphia,"Philadelphia, MS",Alabama,Enrolled,90 mi.,5,1,1.3K,17,nan
Nate Wiggins,2021 - present,CB / 6-2 / 170,Junior,20,93.61,Westlake,"Atlanta, GA",Clemson,Enrolled,111 mi.,25,18.5K,2.9K,nan,$285K
Gabriel Rubio,2021 - present,DL / 6-6 / 305,Redshirt Sophomore,20,93.59,Lutheran Of St Charles County,"Saint Peters, MO",Notre Dame,Enrolled,304 mi.,25,2.9K,5K,nan,nan
J.Michael Sturdivant,2023 - present,WR / 6-4 / 185,Redshirt Sophomore,21,93.56,Marcus,"Flower Mound, TX",California,Enrolled,1451 mi.,25,6.2K,2.2K,nan,$325K
Lovasea Carroll,nan,CB / 6-1 / 195,nan,-,93.47,IMG Academy,"Bradenton, FL",Georgia,Enrolled,459 mi.,23,10.5K,6.1K,417,nan
Andrew Mukuba,2021 - present,S / 6-0 / 185,Junior,20,93.46,LBJ,"Austin, TX",Clemson,Enrolled,921 mi.,25,18.2K,5.9K,1.1K,nan
Isaiah Johnson,nan,S / 6-2 / 180,nan,nan,93.43,St. Bernard,"Playa Del Rey, CA",Arizona State,Enrolled,377 mi.,22,nan,3.2K,118K,nan
Cody Jackson,nan,WR / 5-11 / 180,nan,nan,93.42,Foster,"Richmond, TX",Oklahoma,Enrolled,406 mi.,21,8K,6.6K,333,nan
David Daniel-Sisavanh,2021 - present,S / 6-2 / 185,Junior,20,93.39,Woodstock,"Woodstock, GA",Georgia,Enrolled,63 mi.,1,4.5K,5.3K,nan,$84K
Tyreak Sapp,2021 - present,DL / 6-3 / 255,Redshirt Sophomore,20,93.39,St. Thomas Aquinas,"Fort Lauderdale, FL",Florida,Enrolled,278 mi.,10,6.5K,2.7K,nan,$84K
Keith Brown,2023 - present,LB / 6-1 / 220,Junior,20,93.39,Lebanon,"Lebanon, OR",Oregon,Enrolled,34 mi.,13,10.3K,7.2K,454,nan
Bryce Carter,2021 - present,DL / 6-3 / 274,Junior,20,93.31,Life Christian Academy,"Chester, VA",Virginia,Enrolled,79 mi.,11,nan,1.2K,nan,nan
Preston Stone,2021 - present,QB / 6-3 / 214,Redshirt Sophomore,21,93.29,Parish Episcopal School,"Dallas, TX",SMU,Enrolled,0 mi.,25,13K,5.6K,nan,nan
Behren Morton,2021 - present,QB / 6-2 / 185,Redshirt Sophomore,21,93.27,Eastland,"Eastland, TX",Texas Tech,Enrolled,196 mi.,16,14.6K,6.1K,6K,nan
Ben Christman,2023 - present,IOL / 6-6 / 321,Redshirt Sophomore,20,93.25,Revere,"Richfield, OH",Ohio State,Enrolled,106 mi.,25,3.8K,7K,1.6K,nan
Aaron Willis,2022 - present,LB / 5-11 / 225,Redshirt Sophomore,21,93.20,Life Christian Academy,"Colonial Heights, VA",Tennessee,Enrolled,372 mi.,25,10K,6.2K,906,nan
Jalil Farooq,2021 - present,WR / 6-1 / 200,Junior,22,93.19,Dr. Henry Wise,"Upper Marlboro, MD",Oklahoma,Enrolled,1154 mi.,25,15.7K,15.9K,2.2K,$88K
Julien Simon,2023 - present,LB / 6-2 / 221,Redshirt Sophomore,20,93.19,Lincoln,"Tacoma, WA",USC,Enrolled,944 mi.,23,11K,3.6K,57,nan
Jonathan Jefferson,2021 - present,DL / 6-4 / 255,Redshirt Sophomore,20,93.13,Douglas County,"Douglasville, GA",Georgia,Enrolled,83 mi.,20,3.1K,2K,1.1K,$74K
Marcus Tate,2021 - present,IOL / 6-5 / 318,Junior,20,93.05,TRU Prep Academy,"Miami Gardens, FL",Clemson,Enrolled,623 mi.,22,5K,3.1K,189,nan
Avante Dickerson,nan,S / 6-0 / 170,nan,nan,93.00,Westside,"Omaha, NE",Oregon,Enrolled,1386 mi.,1,6.7K,3.9K,72,nan
AJ Green,2021 - present,RB / 5-11 / 194,Junior,20,92.95,Union,"Tulsa, OK",Arkansas,Enrolled,113 mi.,15,16.5K,7.7K,nan,$64K
Shadrach Banks,2021 - present,LB / 6-0 / 225,Senior,20,92.92,North Shore,"Houston, TX",Texas A&M,Enrolled,82 mi.,25,9.3K,6K,4.2K,nan
Elliot Donald,2021 - present,DL / 6-2 / 250,Redshirt Sophomore,20,92.88,Central Catholic,"Pittsburgh, PA",Pittsburgh,Enrolled,0 mi.,1,5.3K,3.6K,7,nan
TJ Bollers,2021 - present,LB / 6-2 / 270,Redshirt Sophomore,20,92.88,Clear Creek Amana,"Tiffin, IA",Wisconsin,Enrolled,151 mi.,24,3.9K,3.6K,232,nan
Michael Trigg,2022 - present,TE / 6-3 / 230,Junior,21,92.85,Carrollwood Day,"Tampa, FL",USC,Enrolled,2149 mi.,25,25K,8.6K,12.2K,$89K
Marcus Burris,2023 - present,EDGE / 6-4 / 280,Redshirt Sophomore,20,92.83,Pleasant Grove,"Texarkana, TX",Texas A&M,Enrolled,229 mi.,17,2.8K,1.8K,nan,nan
Connor Colby,2021 - present,IOL / 6-5 / 305,Junior,20,92.82,John F Kennedy,"Cedar Rapids, IA",Iowa,Enrolled,26 mi.,8,1.4K,1.2K,nan,nan
Kaidon Salter,2022 - present,QB / 6-1 / 190,Redshirt Sophomore,20,92.82,Cedar Hill,"Cedar Hill, TX",Tennessee,Enrolled,780 mi.,25,13.9K,1.9K,2.4K,nan
Zaire Patterson,2021 - present,EDGE / 6-5 / 260,Redshirt Sophomore,20,92.80,Winston-Salem Prep,"Winston Salem, NC",Clemson,Enrolled,179 mi.,23,4K,2K,1.1K,nan
Braelon Allen,2021 - present,RB / 6-2 / 245,Junior,19,92.80,Fond Du Lac,"Fond Du Lac, WI",Wisconsin,Enrolled,69 mi.,6,97K,29K,9.5K,$875K
Riley Mahlman,2021 - present,IOL / 6-8 / 320,Redshirt Sophomore,20,92.78,Lakeville South,"Lakeville, MN",Wisconsin,Enrolled,223 mi.,8,2.2K,1.2K,nan,nan
Wyatt Milum,2021 - present,OT / 6-6 / 273,Junior,-,92.77,Spring Valley,"Huntington, WV",West Virginia,Enrolled,155 mi.,20,2.9K,3K,8,$140K
Bryce Langston,2021 - present,DL / 6-3 / 250,Redshirt Sophomore,20,92.75,Vanguard,"Ocala, FL",LSU,Enrolled,551 mi.,18,3.8K,4.7K,nan,$74K
Romello Brinson,2023 - present,WR / 6-2 / 180,Junior,21,92.73,Northwestern,"Miami, FL",Miami,Enrolled,5 mi.,25,24K,7.5K,nan,nan
KaTron Evans,2023 - present,DL / 6-4 / 320,Junior,21,92.73,St. Frances Academy,"Baltimore, MD",Jackson State,Enrolled,901 mi.,25,10.7K,6.5K,453,nan
Ketron Jackson,2023 - present,WR / 6-2 / 205,Junior,20,92.70,Royse City,"Royse City, TX",Arkansas,Enrolled,247 mi.,22,6.1K,4.2K,8.1K,nan
Drew Kendall,2021 - present,IOL / 6-4 / 292,Redshirt Sophomore,21,92.70,Noble And Greenough School,"Dedham, MA",Boston College,Enrolled,5 mi.,15,2.3K,1.1K,nan,nan
Tyleik Williams,2021 - present,DL / 6-3 / 330,Junior,20,92.68,Unity Reed,"Manassas, VA",Ohio State,Enrolled,306 mi.,25,12.7K,6.1K,23,$244K
Jantzen Dunn,2023 - present,CB / 6-0 / 182,Redshirt Sophomore,21,92.67,South Warren,"Bowling Green, KY",Ohio State,Enrolled,278 mi.,1,6.7K,6.7K,3.9K,nan
Corey Kiner,2022 - present,RB / 5-10 / 210,Junior,21,92.64,Roger Bacon,"Cincinnati, OH",LSU,Enrolled,708 mi.,22,17.4K,8.9K,12.6K,nan
Power Echols,2021 - present,LB / 5-11.5 / 220,Junior,20,92.63,Zebulon B. Vance,"Charlotte, NC",North Carolina,Enrolled,113 mi.,1,7K,2.4K,59,$193K
Troy Stellato,2021 - present,WR / 6-0 / 175,Redshirt Sophomore,21,92.60,Cardinal Gibbons,"Fort Lauderdale, FL",Clemson,Enrolled,613 mi.,25,24K,4.4K,11.5K,nan
Kyron Hudson,2021 - present,WR / 6-1 / 200,Redshirt Sophomore,21,92.56,Mater Dei,"Santa Ana, CA",USC,Enrolled,27 mi.,14,8.5K,2.6K,260,$69K
Damarius McGhee,2023 - present,CB / 6-1 / 163,Redshirt Sophomore,20,92.54,Pensacola Catholic,"Pensacola, FL",LSU,Enrolled,235 mi.,25,3.5K,2.8K,nan,nan
Deuce Harmon,2021 - present,CB / 5-10 / 190,Redshirt Sophomore,20,92.53,Guyer,"Denton, TX",Texas A&M,Enrolled,187 mi.,23,9.5K,5.5K,59K,$94K
JD Coffey,2023 - present,S / 6-1 / 180,Junior,20,92.53,Kennedale,"Kennedale, TX",Texas,Enrolled,167 mi.,25,9K,4.7K,17.6K,nan
Moliki Matavao,2023 - present,TE / 6-6 / 240,Junior,20,92.52,Liberty,"Henderson, NV",Oregon,Enrolled,699 mi.,25,7.6K,3.9K,1,nan
Elijah Arroyo,2021 - present,TE / 6-4 / 245,Redshirt Sophomore,20,92.52,Independence,"Frisco, TX",Miami,Enrolled,1120 mi.,24,5.2K,3.5K,103,$74K
Prophet Brown,2021 - present,CB / 5-10 / 180,Redshirt Sophomore,20,92.50,Monterey Trail,"Elk Grove, CA",USC,Enrolled,353 mi.,16,3.7K,2K,8.8K,$65K
Tommi Hill,2022 - present,CB / 6-0 / 200,Junior,21,92.49,Edgewater,"Orlando, FL",Arizona State,Enrolled,1834 mi.,25,5.7K,2.4K,1.3K,$67K
Terrance Ferguson,2021 - present,TE / 6-5 / 230,Junior,20,92.44,Heritage,"Littleton, CO",Oregon,Enrolled,978 mi.,25,17.2K,4.4K,24K,$65K
Dietrick Pennington,2021 - present,IOL / 6-5 / 326,Redshirt Sophomore,20,92.38,Evangelical Christian,"Cordova, TN",Clemson,Enrolled,395 mi.,11,2.9K,1.2K,nan,nan
Jaylin Davies,2022 - present,CB / 6-1 / 165,Redshirt Sophomore,21,92.38,Mater Dei,"Santa Ana, CA",Oregon,Enrolled,766 mi.,1,10.9K,3.9K,94,$255K
Kalen King,2021 - present,CB / 5-11 / 190,Junior,20,92.37,Cass Technical,"Detroit, MI",Penn State,Enrolled,288 mi.,25,21K,3.2K,1.4K,$549K
Kaemen Marley,nan,WR / 6-2 / 206,nan,nan,92.30,Eastern Randolph,"Ramseur, NC",Tennessee,Enrolled,242 mi.,16,2.7K,2K,61,nan
Jay Toia,2021 - present,DL / 6-2 / 315,Junior,20,92.29,Grace Brethren,"Simi Valley, CA",USC,Enrolled,35 mi.,11,2.8K,1.6K,nan,nan
Donovan McMillon,2023 - present,S / 6-2 / 193,Junior,21,92.28,Peters Township,"Canonsburg, PA",Florida,Enrolled,744 mi.,25,52K,9.6K,71K,$77K
Seven McGee,nan,WR / 5-8 / 167,nan,nan,92.27,East,"Rochester, NY",Oregon,Enrolled,2247 mi.,8,58K,14K,950,$89K
Landon Jackson,2022 - present,EDGE / 6-6 / 240,Junior,20,92.27,Pleasant Grove,"Texarkana, TX",LSU,Enrolled,268 mi.,25,18.7K,6.2K,1.3K,$65K
Daymon David,2021 - present,S / 6-1 / 178,Junior,-,92.24,Franklin,"Reisterstown, MD",Oregon,Enrolled,2374 mi.,1,37K,1.9K,nan,$79K
Ma'a Gaoteote,2021 - present,LB / 6-2 / 220,Junior,21,92.23,St. John Bosco,"Las Vegas, NV",Michigan State,Enrolled,1688 mi.,11,5K,2.8K,238,nan
Elijah Jeudy,2023 - present,DL / 6-3 / 300,Redshirt Sophomore,20,92.23,Northeast,"Philadelphia, PA",Texas A&M,Enrolled,1352 mi.,25,4.4K,5.5K,18.9K,nan
Brashard Smith,2021 - present,WR / 5-10 / 196,Junior,20,92.23,Miami Palmetto,"Miami, FL",Miami,Enrolled,5 mi.,25,10.8K,6.1K,17,$79K
Marcus Burke,2021 - present,WR / 6-3 / 180,Redshirt Sophomore,21,92.19,Trinity Christian Academy,"Jacksonville, FL",Florida,Enrolled,62 mi.,22,5.1K,5.6K,107,$93K
Sawyer Robertson,2023 - present,QB / 6-4 / 200,Redshirt Sophomore,20,92.18,Coronado,"Lubbock, TX",Mississippi State,Enrolled,750 mi.,16,5.6K,3.4K,nan,nan
Owen Prentice,nan,IOL / 6-3 / 295,nan,21,92.16,O'Dea,"Seattle, WA",Washington,Enrolled,0 mi.,17,1.7K,1.3K,nan,nan
Lonnie White Jr.,nan,ATH / 6-2 / 210,nan,nan,92.16,nan,nan,Penn State,Committed,134 mi.,22,7.7K,2.6K,2.3K,nan
Rayshaun Benny,2021 - present,DL / 6-5 / 292,Junior,21,92.14,Oak Park,"Oak Park, MI",Michigan,Enrolled,37 mi.,25,7.2K,3.7K,nan,$62K
JP Benzschawel,2021 - present,IOL / 6-6 / 312,Redshirt Sophomore,21,92.14,Grafton,"Grafton, WI",Wisconsin,Enrolled,75 mi.,1,1.5K,813,2,nan
Denzel Burke,2021 - present,CB / 6-0 / 189,Junior,20,92.11,Saguaro,"Scottsdale, AZ",Ohio State,Enrolled,1652 mi.,23,22K,10.6K,179,$449K
John Lewis,2021 - present,LB / 6-4 / 225,Redshirt Sophomore,-,92.10,Germantown,"Madison, MS",Mississippi State,Enrolled,98 mi.,5,18.4K,1.4K,nan,nan
Wynden Ho'ohuli,2022 - present,DL / 6-3 / 220,Redshirt Sophomore,20,92.05,Mililani,"Mililani, HI",Nebraska,Enrolled,3779 mi.,14,49,2.3K,nan,nan
Carlos Del Rio-Wilson,2022 - present,QB / 6-3 / 215,Redshirt Sophomore,20,92.03,Cartersville,"Cartersville, GA",Florida,Enrolled,349 mi.,1,14.7K,6.9K,5.5K,nan
Gavin Blackwell,2021 - present,WR / 6-0 / 185,Redshirt Sophomore,20,91.98,Sun Valley,"Monroe, NC",North Carolina,Enrolled,104 mi.,25,10K,3.7K,379,nan
Kendrick Blackshire,2021 - present,LB / 6-2 / 245,Junior,21,91.96,Duncanville,"Duncanville, TX",Alabama,Enrolled,541 mi.,25,62K,9.7K,nan,$166K
Phil Mafah,2021 - present,RB / 6-1 / 230,Junior,20,91.95,Grayson,"Loganville, GA",Clemson,Enrolled,86 mi.,25,12.3K,5.1K,1.7K,nan
Laurance Seymore,nan,IOL / 6-2 / 312,nan,20,91.95,Miami Central,"Miami, FL",Miami,Enrolled,5 mi.,18,6.7K,5K,91,nan
Isaiah Brevard,nan,WR / 6-4 / 200,nan,nan,91.94,Southaven,"Southaven, MS",Oregon,Enrolled,1859 mi.,22,12.6K,2.5K,nan,nan
Micah Crowell,2021 - present,RB / 6-2 / 205,Redshirt Sophomore,20,91.93,East Forsyth,"Kernersville, NC",NC State,Enrolled,84 mi.,25,2.1K,nan,nan,nan
Jackson Powers-Johnson,2021 - present,IOL / 6-3 / 284,Junior,20,91.88,Corner Canyon,"Draper, UT",Oregon,Enrolled,625 mi.,10,9.4K,6.1K,15.2K,nan
Malik Nabers,2021 - present,WR / 6-0 / 190,Junior,20,91.73,Southside,"Youngsville, LA",LSU,Enrolled,56 mi.,25,24K,2.7K,50,$874K
Hudson Wolfe,2021 - present,TE / 6-7 / 240,Redshirt Sophomore,20,91.73,Hardin County,"Savannah, TN",Ole Miss,Enrolled,96 mi.,25,3.3K,4.1K,50,$69K
Dematrius Davis,nan,QB / 5-11 / 200,nan,nan,91.71,North Shore,"Houston, TX",Auburn,Enrolled,614 mi.,1,22K,14.8K,22K,nan
Bralon Brown,2021 - present,WR / 6-3 / 190,Junior,21,91.71,St. Thomas Aquinas,"Fort Lauderdale, FL",Ole Miss,Enrolled,796 mi.,24,9.2K,2.3K,282,$73K
Aaron Armitage,2021 - present,LB / 6-4 / 242,Junior,20,91.66,Blair Academy,"Blairstown, NJ",Stanford,Enrolled,2509 mi.,25,4.4K,1.3K,6.8K,nan
Hunter Wohler,2021 - present,S / 6-2 / 211,Junior,20,91.66,Muskego,"Muskego, WI",Wisconsin,Enrolled,64 mi.,11,4.1K,3.2K,278,nan
Eli Stowers,nan,QB / 6-4 / 215,nan,nan,91.65,Guyer,"Denton, TX",Texas A&M,Enrolled,187 mi.,19,6.7K,3.4K,57K,$66K
Jahzion Harris,nan,DL / 6-4 / 215,nan,20,91.64,Erasmus Hall,"Brooklyn, NY",Texas A&M,Enrolled,1428 mi.,16,2.2K,1.7K,159,nan
Ethan Downs,2021 - present,EDGE / 6-4 / 240,Junior,20,91.62,Weatherford,"Weatherford, OK",Oklahoma,Enrolled,85 mi.,1,8.3K,15.3K,297,$81K
Andre Turrentine,2022 - present,S / 6-0 / 175,Redshirt Sophomore,20,91.61,Ensworth,"Nashville, TN",Ohio State,Enrolled,340 mi.,24,5.2K,4.1K,nan,$136K
Devonta Smith,2021 - present,CB / 6-0 / 185,Junior,20,91.57,La Salle,"Cincinnati, OH",Alabama,Enrolled,447 mi.,25,13.4K,5.2K,nan,$122K
Patrick Payton,2021 - present,EDGE / 6-5 / 235,Redshirt Sophomore,-,91.54,Northwestern,"Miami, FL",Florida State,Enrolled,399 mi.,13,8.1K,5.7K,nan,$113K
Donaven McCulley,2021 - present,WR / 6-5 / 195,Junior,20,91.52,Lawrence North,"Indianapolis, IN",Indiana,Enrolled,51 mi.,12,7.5K,2.1K,nan,nan
Jardin Gilbert,2021 - present,S / 6-1 / 175,Junior,20,91.52,University Lab,"Baton Rouge, LA",Texas A&M,Enrolled,307 mi.,25,8.2K,2.5K,42K,$91K
Ahmari Harvey,2022 - present,S / 5-11 / 171,Redshirt Sophomore,20,91.52,Florida State Univ. School,"Tallahassee, FL",Auburn,Enrolled,164 mi.,20,6.5K,3.4K,60,nan
Justus Boone,2021 - present,EDGE / 6-5 / 250,Redshirt Sophomore,20,91.51,Sumter,"Sumter, SC",Florida,Enrolled,315 mi.,20,5K,3.8K,537,$92K
Calen Bullock,2021 - present,S / 6-2 / 175,Junior,20,91.51,John Muir,"Pasadena, CA",USC,Enrolled,13 mi.,20,8.9K,2.4K,218,$399K
Clinton Burton Jr.,2023 - present,CB / 5-11 / 170,Junior,21,91.47,St. Frances Academy,"Baltimore, MD",Boston College,Enrolled,354 mi.,21,6.5K,2.1K,nan,nan
DeAndre Boykins,2021 - present,CB / 5-11 / 210,Junior,21,91.46,Central Cabarrus,"Concord, NC",North Carolina,Enrolled,93 mi.,25,2.6K,nan,nan,nan
Michael McLaughlin,nan,OT / 6-7 / 296,nan,20,91.46,Marjory Stoneman Douglas,"Pompano Beach, FL",Miami,Enrolled,35 mi.,20,1.9K,2.5K,nan,nan
Dacari Collins,2023 - present,WR / 6-4 / 200,Redshirt Sophomore,20,91.41,Westlake,"Atlanta, GA",Clemson,Enrolled,111 mi.,25,20K,3.6K,365,nan
Davon Townley,2021 - present,EDGE / 6-6 / 277,Redshirt Sophomore,-,91.41,North Senior,"Minneapolis, MN",Penn State,Enrolled,829 mi.,20,3.2K,1.4K,nan,$69K
Byron Cardwell,2023 - present,RB / 6-0 / 193,Redshirt Sophomore,20,91.37,Morse,"San Diego, CA",Oregon,Enrolled,847 mi.,24,4.9K,3.5K,55,nan
Marcus Bradley,2022 - present,DL / 6-3 / 270,Redshirt Sophomore,20,91.37,Quince Orchard,"Gaithersburg, MD",Vanderbilt,Enrolled,563 mi.,25,2.1K,2.9K,nan,nan
Kaden Prather,2023 - present,WR / 6-3 / 210,Junior,21,91.36,Northwest,"Germantown, MD",West Virginia,Enrolled,151 mi.,25,8.5K,4.1K,57,nan
Kaine Williams,2022 - present,S / 6-2 / 205,Redshirt Sophomore,20,91.36,John Ehret,"Marrero, LA",Alabama,Enrolled,273 mi.,25,14K,5.9K,967,$75K
Amari Daniels,2021 - present,RB / 5-8 / 200,Junior,20,91.36,Miami Central,"Miami, FL",Texas A&M,Enrolled,1028 mi.,1,14.3K,4K,450,$92K
Alijah Clark,2022 - present,CB / 6-2 / 180,Junior,20,91.32,Camden,"Camden, NJ",Rutgers,Enrolled,54 mi.,10,4.3K,1.4K,1.1K,nan
Audric Estime,2021 - present,RB / 6-2 / 215,Junior,20,91.32,St Joseph Regional,"Montvale, NJ",Notre Dame,Enrolled,634 mi.,22,22K,8.6K,3.1K,$840K
Greg Penn III,2021 - present,LB / 6-1 / 225,Junior,21,91.31,DeMatha Catholic,"Hyattsville, MD",LSU,Enrolled,998 mi.,25,5.1K,3.2K,nan,$82K
Leo Blackburn,2021 - present,TE / 6-5 / 230,Redshirt Sophomore,20,91.31,Westlake,"Atlanta, GA",Georgia Tech,Enrolled,0 mi.,25,7.5K,1.4K,642,nan
Jacolby George,2021 - present,WR / 6-0 / 176,Junior,20,91.30,Plantation,"Fort Lauderdale, FL",Miami,Enrolled,27 mi.,11,8K,4.5K,nan,$77K
Kamari Lassiter,2021 - present,CB / 6-0 / 185,Junior,20,91.29,American Christian ,"Tuscaloosa, AL",Georgia,Enrolled,252 mi.,25,18.7K,4.5K,1.9K,$200K
Chase Smith,2021 - present,LB / 6-2 / 210,Redshirt Sophomore,20,91.29,Melbourne Senior,"Melbourne, FL",Miami,Enrolled,162 mi.,21,-,1.5K,nan,nan
James Brockermeyer,2021 - present,IOL / 6-3 / 270,Redshirt Sophomore,21,91.29,All Saints Episcopal,"Fort Worth, TX",Alabama,Enrolled,564 mi.,18,5K,3.8K,nan,nan
Tysheem Johnson,2023 - present,S / 5-10 / 190,Junior,20,91.28,Neumann Goretti,"Philadelphia, PA",Ole Miss,Enrolled,877 mi.,25,16.2K,3.7K,nan,nan
Travion Ford,2023 - present,EDGE / 6-4 / 232,Redshirt Sophomore,20,91.26,Lutheran North,"Saint Louis, MO",Missouri,Enrolled,111 mi.,25,5.1K,4.3K,94,nan
Zavier Carter,2023 - present,EDGE / 6-4 / 193,Junior,20,91.25,Hapeville Charter,"Atlanta, GA",LSU,Enrolled,458 mi.,25,15.7K,2K,30K,nan
Athan Kaliakmanis,2021 - present,QB / 6-4 / 205,Redshirt Sophomore,20,91.24,Antioch Community,"Antioch, IL",Minnesota,Enrolled,313 mi.,15,11.5K,5.6K,611,nan
Jermaine Terry,2023 - present,TE / 6-4 / 235,Junior,20,91.20,Kennedy,"Richmond, CA",California,Enrolled,8 mi.,25,2K,2K,37,nan
Malik McClain,2023 - present,WR / 6-4 / 206,Junior,20,91.19,IMG Academy,"Bradenton, FL",Florida State,Enrolled,234 mi.,14,6.6K,4.5K,42,$73K
Jamon Dumas-Johnson,2021 - present,LB / 6-1 / 235,Junior,21,91.17,St. Frances Academy,"Baltimore, MD",Georgia,Enrolled,522 mi.,1,8.5K,nan,nan,$86K
Ezra Dotson-Oyetade,2022 - present,IOL / 6-3 / 285,Redshirt Sophomore,20,91.17,Lakeview Centennial,"Garland, TX",Arizona State,Enrolled,885 mi.,1,2.5K,1.3K,nan,nan
Gabe Stephens,nan,LB / 6-4 / 225,nan,nan,91.17,Mountain Island Charter,"Mount Holly, NC",North Carolina,Enrolled,120 mi.,25,3.4K,2K,852,nan
Luke Altmyer,2023 - present,QB / 6-2 / 190,Redshirt Sophomore,20,91.13,Starkville,"Starkville, MS",Ole Miss,Enrolled,73 mi.,16,15.8K,9.9K,553,nan
Dontae Balfour,2023 - present,CB / 6-2 / 170,Redshirt Sophomore,20,91.13,Bradford,"Starke, FL",North Carolina,Enrolled,453 mi.,21,4.3K,1.8K,129K,nan
Deven Eastern,2021 - present,DL / 6-6 / 290,Redshirt Sophomore,-,91.07,Shakopee,"Shakopee, MN",Minnesota,Enrolled,20 mi.,1,1.7K,384,145,nan
Jared Wilson,2021 - present,IOL / 6-4 / 325,Redshirt Sophomore,20,91.06,West Forsyth,"Clemmons, NC",Georgia,Enrolled,218 mi.,15,1.7K,3.3K,nan,$73K
Raheem Anderson,2021 - present,IOL / 6-3 / 302,Junior,20,91.06,Cass Technical,"Detroit, MI",Michigan,Enrolled,41 mi.,25,7.2K,4.9K,3.4K,$62K
Ryan Linthicum,2021 - present,IOL / 6-3 / 305,Redshirt Sophomore,21,91.06,Damascus,"Damascus, MD",Clemson,Enrolled,443 mi.,18,14.4K,4.7K,10.7K,nan
Cody Brown,2022 - present,RB / 5-11 / 217,Junior,20,91.02,Parkview,"Lilburn, GA",Miami,Enrolled,606 mi.,16,10.6K,6.4K,232,nan
Ian Jackson,2021 - present,LB / 6-1 / 225,Redshirt Sophomore,20,91.00,Prattville,"Prattville, AL",Alabama,Enrolled,84 mi.,25,5.6K,3.7K,nan,nan
Aden Kelley,2021 - present,DL / 6-3 / 275,Redshirt Sophomore,21,91.00,Thomas-Fay-Custer,"Thomas, OK",Oklahoma State,Enrolled,98 mi.,22,4.2K,1.8K,130,nan
Thad Franklin Jr.,nan,RB / 6-0 / 225,nan,nan,90.99,Chaminade-Madonna Prep,"Hollywood, FL",Miami,Enrolled,21 mi.,25,8.4K,4.7K,nan,nan
Eli Sutton,2021 - present,OT / 6-7.5 / 285,Redshirt Sophomore,21,90.96,Brentwood Academy,"Brentwood, TN",North Carolina,Enrolled,433 mi.,24,2.7K,2.2K,311,nan
Anthony Beavers Jr.,2021 - present,S / 6-1 / 195,Redshirt Sophomore,20,90.95,Narbonne,"Harbor City, CA",USC,Enrolled,13 mi.,25,10.7K,2.9K,nan,$71K
Jordan Poole,2021 - present,LB / 6-0 / 225,Redshirt Sophomore,21,90.95,West Stanly,"Oakboro, NC",NC State,Enrolled,101 mi.,14,4.6K,1.5K,470,nan
Teddy Knox,2022 - present,WR / 5-10 / 167,Redshirt Sophomore,21,90.93,The Woodlands,"Baton Rouge, LA",Mississippi State,Enrolled,248 mi.,21,17.4K,2.4K,540,nan
Jake Rubley,2021 - present,QB / 6-3 / 205,Redshirt Sophomore,21,90.93,Valley,"West Des Moines, IA",Kansas State,Enrolled,225 mi.,17,6.1K,3.5K,289,nan
Taizse Johnson,2021 - present,DL / 6-1 / 290,Junior,21,90.92,St. John's,"Washington, DC",Maryland,Enrolled,8 mi.,13,1.6K,1.5K,nan,nan
Ishmael Ibraheem,2023 - present,CB / 6-1 / 175,Redshirt Freshman,21,90.92,Kimball,"Dallas, TX",Texas,Enrolled,183 mi.,25,-,3K,77,nan
Jabari Ishmael,2023 - present,EDGE / 6-5 / 256,Redshirt Sophomore,-,90.91,Columbus,"Miami, FL",Miami,Enrolled,5 mi.,20,2.5K,2.1K,632,nan
Kyron Drones,2023 - present,QB / 6-2 / 234,Redshirt Sophomore,20,90.88,Shadow Creek,"Pearland, TX",Baylor,Enrolled,178 mi.,1,nan,5.7K,nan,nan
Nathan Rawlins-Kibonge,2022 - present,DL / 6-7 / 240,Redshirt Sophomore,-,90.87,Jefferson,"Portland, OR",Oklahoma,Enrolled,1506 mi.,15,2.5K,5.8K,24,nan
Tiaoalii Savea,2022 - present,DL / 6-3 / 265,Junior,20,90.87,Desert Pines,"Las Vegas, NV",UCLA,Enrolled,233 mi.,25,15.6K,1.5K,31K,nan
Trey Zuhn,2021 - present,OT / 6-6 / 300,Redshirt Sophomore,20,90.86,Fossil Ridge,"Fort Collins, CO",Texas A&M,Enrolled,848 mi.,10,1.5K,1.7K,nan,$72K
Greg Crippen,2021 - present,IOL / 6-4 / 285,Junior,21,90.86,IMG Academy,"Bradenton, FL",Michigan,Enrolled,1030 mi.,14,4.9K,2.4K,nan,nan
Jaeden Roberts,2021 - present,IOL / 6-5 / 340,Redshirt Sophomore,20,90.82,North Shore,"Houston, TX",Alabama,Enrolled,514 mi.,25,241,3.7K,nan,$104K
Latrell McCutchin,2023 - present,S / 6-1 / 185,Junior,20,90.80,LBJ,"Austin, TX",Oklahoma,Enrolled,344 mi.,25,22K,15.8K,125,nan
Gavin Wimsatt,2021 - present,QB / 6-2 / 205,Junior,19,90.79,Owensboro,"Owensboro, KY",Rutgers,Committed,711 mi.,22,12.7K,4.5K,30K,nan
Terrence Cooks,2022 - present,LB / 6-2 / 210,Redshirt Sophomore,20,90.78,Shadow Creek,"Pearland, TX",Texas,Enrolled,157 mi.,25,2.4K,2.6K,nan,nan
Gage Wilcox,nan,TE / 6-4 / 228,nan,21,90.76,Jefferson,"Tampa, FL",Florida,Enrolled,117 mi.,18,3.9K,nan,208,nan
Junior Alexander,nan,WR / 6-3 / 189,nan,nan,90.75,Kennedy Catholic,"Burien, WA",Arizona State,Enrolled,1114 mi.,17,6.3K,2.6K,nan,nan
Jamier Johnson,2023 - present,CB / 6-0 / 170,Junior,20,90.72,John Muir,"Pasadena, CA",Texas,Enrolled,1220 mi.,16,3.8K,2K,nan,nan
Wilfredo Aybar,2021 - present,LB / 6-4 / 240,Junior,20,90.72,Cheshire Academy,"Cheshire, CT",Stanford,Enrolled,2607 mi.,23,1.4K,1.3K,nan,nan
Cane Berrong,2023 - present,TE / 6-4 / 230,Redshirt Sophomore,20,90.70,Hart County,"Hartwell, GA",Notre Dame,Enrolled,540 mi.,25,5K,4.4K,182,nan
Bryson Nesbit,2021 - present,TE / 6-6 / 235,Junior,20,90.68,South Mecklenburg,"Charlotte, NC",North Carolina,Enrolled,113 mi.,25,9.7K,1.3K,228,nan
Devin Kirkwood,2021 - present,S / 6-3 / 175,Junior,20,90.64,Junipero Serra,"Gardena, CA",UCLA,Enrolled,6 mi.,13,18.8K,1K,81,nan
Beau Stephens,2021 - present,OT / 6-6 / 295,Redshirt Sophomore,20,90.64,Blue Springs,"Blue Springs, MO",Iowa,Enrolled,234 mi.,13,1.1K,1.3K,95,nan
Rod Orr,2023 - present,OT / 6-6 / 309,Redshirt Sophomore,-,90.64,Gadsden City,"Gadsden, AL",Florida State,Enrolled,269 mi.,25,858,2.5K,nan,nan
Tate Williams,2021 - present,IOL / 6-4 / 264,Redshirt Sophomore,-,90.63,Wall,"Wall, TX",Baylor,Enrolled,179 mi.,9,3.2K,1.1K,3.5K,nan
Naquan Brown,nan,DL / 6-2 / 205,nan,nan,90.63,Ocean Lakes,"Virginia Beach, VA",Pittsburgh,Enrolled,329 mi.,25,10.1K,5.3K,1,nan
Jaylen Reed,2021 - present,S / 6-0 / 205,Junior,20,90.63,Martin Luther King,"Detroit, MI",Penn State,Enrolled,288 mi.,25,13.2K,4K,nan,$78K
Randolph Kpai,2021 - present,LB / 6-3 / 205,Redshirt Sophomore,20,90.62,Washington ,"Sioux Falls, SD",Nebraska,Enrolled,190 mi.,9,2.6K,3.8K,129,$65K
Dontavius Nash,2023 - present,CB / 6-1 / 180,Redshirt Sophomore,21,90.62,Hunter Huss,"Gastonia, NC",North Carolina,Enrolled,134 mi.,25,7K,3K,1.3K,nan
Peter Costelli,nan,QB / 6-3 / 205,nan,nan,90.61,Mission Viejo,"Mission Viejo, CA",Utah,Enrolled,587 mi.,24,1.2K,2.2K,nan,nan
Quintin Somerville,2021 - present,DL / 6-1 / 257,Redshirt Sophomore,20,90.56,Saguaro,"Scottsdale, AZ",UCLA,Enrolled,366 mi.,21,2.4K,2.6K,nan,nan
Ahmonte Watkins,2022 - present,CB / 5-11 / 175,Junior,21,90.56,Klein Forest,"Houston, TX",TCU,Enrolled,238 mi.,23,1.5K,1K,283,nan
Jaydon Hood,2021 - present,LB / 6-1 / 212,Junior,20,90.56,St. Thomas Aquinas,"Fort Lauderdale, FL",Michigan,Enrolled,1135 mi.,24,2.5K,3.5K,nan,$67K
Cristian Dixon,2021 - present,WR / 6-2 / 197,Junior,21,90.55,Mater Dei,"Santa Ana, CA",Michigan,Enrolled,1927 mi.,1,7K,3.9K,nan,$71K
George Rooks,2023 - present,DL / 6-4 / 280,Redshirt Sophomore,-,90.53,St. Peters Prep,"Jersey City, NJ",Michigan,Enrolled,518 mi.,20,2.7K,1.7K,nan,nan
Jordon Thomas,nan,EDGE / 6-3 / 240,nan,nan,90.53,Memorial,"Port Arthur, TX",Texas,Enrolled,226 mi.,8,nan,2.1K,nan,nan
Dominic Lovett,2023 - present,WR / 5-10 / 175,Junior,20,90.52,East St. Louis,"Belleville, IL",Missouri,Enrolled,125 mi.,20,9.1K,3.3K,nan,$87K
Zen Michalski,2021 - present,OT / 6-7 / 288,Junior,-,90.52,Floyd Central,"Floyds Knobs, IN",Ohio State,Enrolled,195 mi.,25,3.4K,3.2K,7.8K,$85K
Dekel Crowdus,2021 - present,WR / 5-10 / 180,Redshirt Sophomore,20,90.51,Frederick Douglass,"Lexington, KY",Kentucky,Enrolled,0 mi.,22,11.8K,nan,3.5K,nan
Jaquez Smith,2021 - present,WR / 6-1 / 190,Redshirt Sophomore,21,90.51,Westlake,"Atlanta, GA",Indiana,Enrolled,385 mi.,25,2.1K,2.2K,nan,nan
Kamarro Edmonds,2022 - present,RB / 5-11.5 / 227,Redshirt Sophomore,20,90.50,Havelock,"Havelock, NC",North Carolina,Enrolled,145 mi.,1,4.3K,2.6K,1K,nan
Jonathon Brooks,2021 - present,RB / 6-0 / 185,Redshirt Sophomore,20,90.49,Hallettsville,"Hallettsville, TX",Texas,Enrolled,84 mi.,7,13.2K,8.1K,3.4K,$292K
Jonah Miller,2023 - present,QB / 5-11 / 170,Redshirt Sophomore,20,90.44,Naperville Central,"Naperville, IL",TCU,Enrolled,801 mi.,19,-,nan,142,nan
Morice Blackwell,2021 - present,LB / 6-1 / 196,Junior,20,90.42,Martin,"Arlington, TX",Texas,Enrolled,167 mi.,14,11K,2K,5.1K,$185K
Tevin Williams III,2021 - present,CB / 6-0 / 172,Redshirt Sophomore,20,90.41,Stillwater,"Stillwater, OK",Baylor,Enrolled,313 mi.,10,1.5K,824,851,nan
Jeffrey Bassa,2021 - present,LB / 6-3 / 200,Junior,21,90.40,Kearns,"Salt Lake City, UT",Oregon,Enrolled,614 mi.,17,14.2K,3.4K,73K,$69K
AD Mitchell,2023 - present,WR / 6-4 / 190,Junior,20,90.39,Cane Ridge,"Antioch, TN",Georgia,Enrolled,233 mi.,18,34K,10.2K,201,$342K
Will Latu,nan,LB / 6-2 / 221,nan,nan,90.39,Bethel,"Spanaway, WA",Washington,Enrolled,38 mi.,11,4.3K,nan,2.3K,nan
Cooper DeJean,2021 - present,CB / 6-2 / 195,Junior,20,90.38,Battle Creek-Ida Grove,"Ida Grove, IA",Iowa,Enrolled,211 mi.,1,31K,8.5K,6.2K,$507K
Hal Presley,2021 - present,WR / 6-3 / 190,Senior,21,90.36,Mansfield Summit,"Arlington, TX",Auburn,Enrolled,678 mi.,25,nan,1.5K,2.4K,nan
Harrison Wallace,2021 - present,WR / 6-1 / 194,Redshirt Sophomore,-,90.35,Pike Road,"Pike Road, AL",Penn State,Enrolled,743 mi.,13,4.3K,1.9K,444,$70K
Philip Riley,nan,CB / 6-0 / 195,nan,20,90.35,Bloomingdale,"Valrico, FL",Notre Dame,Enrolled,977 mi.,25,2.7K,2.9K,nan,nan
Yanni Karlaftis,2021 - present,DL / 6-3 / 235,Redshirt Sophomore,20,90.33,West Lafayette,"West Lafayette, IN",Purdue,Enrolled,0 mi.,13,4.4K,2.2K,nan,nan
Shambre Jackson,nan,EDGE / 6-3 / 259,nan,nan,90.33,Boone,"Orlando, FL",Florida State,Enrolled,216 mi.,25,8.3K,3.6K,nan,nan
Jack Bech,2023 - present,WR / 6-2 / 215,Junior,21,90.30,St. Thomas More,"Lafayette, LA",LSU,Enrolled,51 mi.,25,23K,13K,661,nan
Xamarion Gordon,2021 - present,S / 6-2 / 190,Redshirt Sophomore,20,90.29,Warren,"Downey, CA",USC,Enrolled,7 mi.,20,4.8K,1K,37,$65K
Mason Tufaga,2023 - present,LB / 6-1 / 210,Redshirt Sophomore,21,90.29,St. Louis,"Honolulu, HI",Utah,Enrolled,2990 mi.,13,2.6K,1.4K,209,nan
Hunter Washington,2022 - present,S / 5-11 / 178,Redshirt Sophomore,21,90.26,Katy,"Katy, TX",Florida State,Enrolled,687 mi.,25,10.8K,4.6K,3.6K,nan
Ke'Travion Hargrove,2023 - present,RB / 5-11 / 185,Redshirt Sophomore,21,90.26,Ruston,"Ruston, LA",Mississippi State,Enrolled,229 mi.,15,1.3K,1K,47,nan
Raheim Sanders,2021 - present,RB / 6-2 / 210,Junior,21,90.25,Rockledge,"Rockledge, FL",Arkansas,Enrolled,936 mi.,25,24K,11K,75,$202K
Derrick Harris Jr.,nan,EDGE / 6-3 / 215,nan,nan,90.24,New Caney,"New Caney, TX",Texas,Enrolled,155 mi.,10,3.2K,2.9K,1K,nan
Jordan Mosley,2022 - present,WR / 6-0 / 190,Redshirt Sophomore,20,90.24,McGill Toolen,"Mobile, AL",Northwestern,Enrolled,783 mi.,17,4.2K,2.5K,nan,nan
Khayri Banton,nan,LB / 6-2 / 220,nan,nan,90.24,West Side,"Newark, NJ",Rutgers,Enrolled,20 mi.,25,3.1K,1.1K,164,nan
Damond Harmon,nan,CB / 6-1 / 178,nan,nan,90.21,Highland Springs,"Highland Springs, VA",Oklahoma,Enrolled,1119 mi.,22,8.1K,9.5K,9,$71K
Yousef Mugharbil,2023 - present,OT / 6-5 / 330,Redshirt Junior,20,90.21,Murphy,"Murphy, NC",Florida,Enrolled,394 mi.,17,1.8K,2.1K,nan,nan
Tommy Akingbesote,2021 - present,DL / 6-4 / 270,Junior,-,90.20,Charles Herbert Flowers,"Upper Marlboro, MD",Maryland,Enrolled,17 mi.,16,1,848,nan,nan
Daejon Reynolds,2023 - present,WR / 6-2 / 210,Redshirt Sophomore,20,90.20,Grayson,"Loganville, GA",Florida,Enrolled,302 mi.,25,12.3K,3.4K,3.9K,nan
Zakee Wheatley,2021 - present,S / 6-2 / 198,Redshirt Sophomore,21,90.20,Archbishop Spalding,"Severn, MD",Penn State,Enrolled,133 mi.,25,12.9K,2.6K,nan,$78K
Benjamin Perry,2021 - present,S / 6-3 / 190,Redshirt Sophomore,20,90.18,Mount Carmel,"Chicago, IL",Louisville,Enrolled,270 mi.,25,6K,2K,118,$61K
Omarion Cooper,2023 - present,CB / 6-0 / 170,Junior,20,90.18,Lehigh Senior,"Lehigh Acres, FL",Florida State,Enrolled,308 mi.,25,8K,3.9K,7,nan
Teddy Prochazka,2021 - present,OT / 6-8 / 320,Redshirt Sophomore,20,90.17,Elkhorn South,"Omaha, NE",Nebraska,Enrolled,52 mi.,10,2.9K,6.5K,nan,nan
Jaylin Smith,2021 - present,S / 5-11 / 180,Junior,19,90.16,Bishop Alemany,"Mission Hills, CA",USC,Enrolled,24 mi.,19,48K,3.3K,2.6K,$103K
Jordan Mukes,nan,S / 6-1 / 192,nan,-,90.16,Choctaw,"Choctaw, OK",Oklahoma,Enrolled,16 mi.,13,3.2K,9.5K,nan,$67K
MJ Daniels,2023 - present,S / 6-3 / 200,Junior,20,90.15,George County,"Lucedale, MS",Ole Miss,Enrolled,245 mi.,1,3.6K,3.2K,2.4K,nan
JJ Jones,2021 - present,WR / 6-2 / 195,Junior,20,90.14,Myrtle Beach ,"Myrtle Beach, SC",North Carolina,Enrolled,153 mi.,25,11.5K,5.8K,34K,nan
Travali Price,2021 - present,EDGE / 6-4 / 265,Redshirt Sophomore,21,90.14,North Lincoln,"Lincolnton, NC",NC State,Enrolled,148 mi.,23,2.4K,1.1K,75,nan
Jake Ratzlaff,nan,LB / 6-2 / 220,nan,-,90.13,Rosemount Senior,"Rosemount, MN",Wisconsin,Enrolled,216 mi.,9,2.7K,866,216,nan
Ari Patu,2021 - present,QB / 6-5 / 205,Junior,20,90.11,Folsom,"Folsom, CA",Stanford,Enrolled,103 mi.,25,3.6K,1.5K,796,nan
Justice Sullivan,nan,LB / 6-1 / 220,nan,21,90.09,Eden Prairie,"Eden Prairie, MN",Iowa,Enrolled,243 mi.,8,3K,997,nan,nan
Antonio Harmon,2021 - present,TE / 6-4 / 205,Redshirt Sophomore,21,90.09,Kosciusko,"Kosciusko, MS",Mississippi State,Enrolled,50 mi.,13,1.6K,1.9K,nan,nan
Logan Taylor,2023 - present,OT / 6-7 / 308,Redshirt Sophomore,-,90.08,Episcopal,"Alexandria, VA",Virginia,Enrolled,95 mi.,25,2.5K,959,nan,nan
Nahki Johnson,2021 - present,DL / 6-3 / 225,Redshirt Sophomore,20,90.06,West Mifflin Area,"Homestead, PA",Pittsburgh,Enrolled,6 mi.,13,2K,1.3K,nan,nan
Aaron McLaughlin,nan,QB / 6-5 / 219,nan,nan,90.05,Denmark,"Alpharetta, GA",NC State,Enrolled,340 mi.,25,10.3K,6.4K,165,nan
Steven Ortiz,2023 - present,CB / 6-0 / 175,Redshirt Sophomore,20,90.01,Desert Edge,"Goodyear, AZ",Minnesota,Enrolled,1295 mi.,25,18.5K,3.4K,13.6K,nan
Tar'varish Dawson,2023 - present,WR / 5-10 / 175,Redshirt Sophomore,21,90.00,Lehigh Senior,"Lehigh Acres, FL",Auburn,Enrolled,471 mi.,1,7.1K,2.8K,nan,nan
Titus Mokiao-Atimalala,2022 - present,WR / 6-1 / 170,Junior,21,90.00,James Campbell,"Ewa Beach, HI",UCF,Enrolled,4748 mi.,22,10.5K,3K,3.1K,nan
Josh McCarron,2021 - present,LB / 6-2 / 231,Junior,20,90.00,Archbishop Murphy,"Everett, WA",Virginia,Enrolled,2274 mi.,18,2.7K,1K,1.1K,nan
Keanu Williams,2023 - present,DL / 6-5 / 290,Redshirt Sophomore,20,90.00,Clovis,"Clovis, CA",Oregon,Enrolled,526 mi.,22,2.8K,230,75,nan
Caleb Johnson,2023 - present,OT / 6-7 / 295,Redshirt Sophomore,21,90.00,Trinity Catholic,"Ocala, FL",Notre Dame,Enrolled,893 mi.,25,2.6K,2.2K,nan,nan
Andrew Wilson-Lamp,2021 - present,CB / 6-3 / 175,Redshirt Sophomore,-,90.00,Washington,"Massillon, OH",West Virginia,Enrolled,112 mi.,13,5.3K,1.9K,9.5K,nan
Matthew Langlois,2021 - present,S / 6-0 / 185,Redshirt Sophomore,20,89.99,Catholic Of Pointe Coupee,"New Roads, LA",LSU,Enrolled,25 mi.,21,4.9K,2.1K,81,$82K
Mavin Anderson,2021 - present,WR / 6-0 / 195,Redshirt Sophomore,20,89.94,Mission Viejo,"Mission Viejo, CA",California,Enrolled,392 mi.,14,2.9K,1.3K,1,nan
Josh Moore,2022 - present,S / 6-2 / 195,Redshirt Sophomore,20,89.94,Marist School,"Atlanta, GA",UCLA,Enrolled,1933 mi.,25,140K,1.3K,nan,$131K
Keagan Johnson,2023 - present,WR / 6-1 / 180,Redshirt Sophomore,-,89.93,Bellevue West,"Bellevue, NE",Iowa,Enrolled,232 mi.,10,5.8K,4K,19,nan
Kamren Kinchens,2021 - present,S / 5-11 / 198,Junior,20,89.93,Northwestern,"Miami, FL",Miami,Enrolled,5 mi.,25,20K,1.5K,6K,$447K
Bucky Irving,2022 - present,RB / 5-10 / 175,Junior,21,89.90,Hillcrest,"Country Club Hills, IL",Minnesota,Enrolled,365 mi.,24,294K,4.6K,nan,$696K
Christopher Thomas,nan,DL / 6-6 / 290,nan,nan,89.90,Dunbar,"Fort Myers, FL",Florida,Enrolled,210 mi.,20,2K,1.8K,nan,nan
James BlackStrain,2021 - present,WR / 6-2 / 190,Redshirt Sophomore,20,89.89,Holy Trinity Episcopal Academy,"Cocoa, FL",Georgia Tech,Enrolled,429 mi.,25,4.7K,1.8K,84,nan
Marquis Robinson,nan,DL / 6-3 / 300,nan,nan,89.89,Milton,"Milton, FL",Auburn,Enrolled,148 mi.,11,2.2K,1.4K,622,nan
Terry Wells,2021 - present,OT / 6-4 / 306,Redshirt Sophomore,20,89.87,Wynne,"Wynne, AR",Arkansas,Enrolled,183 mi.,13,5.5K,4K,727,nan
Jayden Thomas,2021 - present,WR / 6-1 / 205,Redshirt Sophomore,20,89.86,Pace Academy,"Atlanta, GA",Notre Dame,Enrolled,557 mi.,25,9.2K,3.8K,8.4K,nan
Anquin Barnes,2021 - present,DL / 6-5 / 299,Redshirt Sophomore,20,89.85,Robert E. Lee,"Montgomery, AL",Alabama,Enrolled,92 mi.,21,2.3K,3.9K,55,nan
Dink Jackson,nan,LB / 6-0 / 185,nan,nan,89.76,Eau Gallie,"Melbourne, FL",Ole Miss,Enrolled,679 mi.,25,2.2K,3K,144,nan
Derek Wilkins,2021 - present,DL / 6-4 / 250,Redshirt Sophomore,21,89.75,Santa Margarita Catholic,"Rancho Santa Margarita, CA",California,Enrolled,393 mi.,20,3.6K,1.6K,383,nan
Ryan Rodriguez,2021 - present,IOL / 6-2 / 286,Redshirt Sophomore,20,89.75,Columbus,"Miami, FL",Miami,Enrolled,5 mi.,13,3K,3.1K,nan,$68K
Markevious Brown,2023 - present,CB / 5-11 / 180,Junior,21,89.75,IMG Academy,"Bradenton, FL",Ole Miss,Enrolled,634 mi.,20,10.9K,5.3K,nan,nan
Jabril McNeill,nan,EDGE / 6-4 / 225,nan,nan,89.74,Sanderson,"Raleigh, NC",Oregon,Enrolled,2393 mi.,20,3.4K,436,115,nan
Ricky Parks,nan,RB / 5-10 / 192,nan,nan,89.71,Gaither,"Tampa, FL",Utah,Enrolled,1885 mi.,15,2.6K,1.4K,nan,nan
Joe Alt,2021 - present,OT / 6-7 / 283,Junior,-,89.71,Totino-Grace,"Minneapolis, MN",Notre Dame,Enrolled,420 mi.,11,4.2K,1.1K,nan,$847K
Darryl Peterson,2021 - present,EDGE / 6-1 / 245,Redshirt Sophomore,20,89.70,Archbishop Hoban,"Akron, OH",Wisconsin,Enrolled,426 mi.,12,1.4K,2.1K,nan,nan
Josh Simmons,2023 - present,IOL / 6-6 / 280,Redshirt Sophomore,20,89.70,Helix,"La Mesa, CA",San Diego State,Signed,10 mi.,25,nan,2.4K,nan,nan
